stage	variant	axis	seed	experiment_id	steps	lr	global_batch_size	warmup_steps	max_audio_seconds	target_audio_tokens_per_update	validation_split	full_pack_max_samples	full_pack_eval_every	checkpoint_interval	config	modal_path	description	command_str
screen2k	anchor	anchor	42	exp-20260311-071535-screen2k-anchor-s42	2000	5e-05	48	80	20	96000	validation	1000	1000	1000	codecs/mimi/configs/tinyaya_mimi_q8_s4096_emilia40k_en.toml	mimi/ablation_emilia40k_q8_s4096_en	Anchor config for all English-only Q8/4096 comparisons.	"/home/pranav/TINYYAYAy/llama-mimi/.venv/bin/python scripts/exp/launch.py --mode modal --config codecs/mimi/configs/tinyaya_mimi_q8_s4096_emilia40k_en.toml --modal-path mimi/ablation_emilia40k_q8_s4096_en --experiment-id exp-20260311-071535-screen2k-anchor-s42 --campaign-id mimi-q8-s4096-emilia40k-en --phase mimi_q8_s4096_emilia40k_en_ablation --stage screen2k --variant anchor --track english_only --axis anchor --family mimi_q8_s4096 --question 'Which English-only Q8/4096 settings improve full-pack quality on the fixed Emilia-40k subset?' --hypothesis 'Anchor config for all English-only Q8/4096 comparisons.' --owner codex --codec mimi --tags tinyaya,tts,mimi,q8,4096,emilia40k,english,screen2k,anchor,seed42 --override optimizer.lr=5e-05 --override training.global_batch_size=48 --override lr_scheduler.warmup_steps=80 --override training.max_audio_seconds=20 --override training.steps=2000 --override tts_eval.full_pack_eval_every=1000 --override tts_eval.full_pack_max_samples=1000 --override tts_eval.eval_every=1000 --override checkpoint.interval=1000 --override 'validation.split=""validation""' --override 'training.dataset_path=""/vol/data/emilia_en40k_mimi_q8""' --override training.seed=42 --override training.deterministic=true --override training.language_tokens=false --override 'training.languages=[]' --override 'training.dataset=""tts_pretok""' --override 'validation.dataset=""tts_pretok""' --override model.num_quantizers=8 --override training.seq_len=4096 --override validation.seq_len=4096"
screen2k	lr_2e-5	lr	42	exp-20260311-071535-screen2k-lr-2e-5-s42	2000	2e-05	48	80	20	96000	validation	1000	1000	1000	codecs/mimi/configs/tinyaya_mimi_q8_s4096_emilia40k_en.toml	mimi/ablation_emilia40k_q8_s4096_en	Lower LR challenger.	"/home/pranav/TINYYAYAy/llama-mimi/.venv/bin/python scripts/exp/launch.py --mode modal --config codecs/mimi/configs/tinyaya_mimi_q8_s4096_emilia40k_en.toml --modal-path mimi/ablation_emilia40k_q8_s4096_en --experiment-id exp-20260311-071535-screen2k-lr-2e-5-s42 --campaign-id mimi-q8-s4096-emilia40k-en --phase mimi_q8_s4096_emilia40k_en_ablation --stage screen2k --variant lr_2e-5 --track english_only --axis lr --family mimi_q8_s4096 --question 'Which English-only Q8/4096 settings improve full-pack quality on the fixed Emilia-40k subset?' --hypothesis 'Lower LR challenger.' --owner codex --codec mimi --tags tinyaya,tts,mimi,q8,4096,emilia40k,english,screen2k,lr_2e-5,seed42 --override optimizer.lr=2e-05 --override training.global_batch_size=48 --override lr_scheduler.warmup_steps=80 --override training.max_audio_seconds=20 --override training.steps=2000 --override tts_eval.full_pack_eval_every=1000 --override tts_eval.full_pack_max_samples=1000 --override tts_eval.eval_every=1000 --override checkpoint.interval=1000 --override 'validation.split=""validation""' --override 'training.dataset_path=""/vol/data/emilia_en40k_mimi_q8""' --override training.seed=42 --override training.deterministic=true --override training.language_tokens=false --override 'training.languages=[]' --override 'training.dataset=""tts_pretok""' --override 'validation.dataset=""tts_pretok""' --override model.num_quantizers=8 --override training.seq_len=4096 --override validation.seq_len=4096"
screen2k	lr_1e-4	lr	42	exp-20260311-071535-screen2k-lr-1e-4-s42	2000	0.0001	48	80	20	96000	validation	1000	1000	1000	codecs/mimi/configs/tinyaya_mimi_q8_s4096_emilia40k_en.toml	mimi/ablation_emilia40k_q8_s4096_en	Higher LR challenger.	"/home/pranav/TINYYAYAy/llama-mimi/.venv/bin/python scripts/exp/launch.py --mode modal --config codecs/mimi/configs/tinyaya_mimi_q8_s4096_emilia40k_en.toml --modal-path mimi/ablation_emilia40k_q8_s4096_en --experiment-id exp-20260311-071535-screen2k-lr-1e-4-s42 --campaign-id mimi-q8-s4096-emilia40k-en --phase mimi_q8_s4096_emilia40k_en_ablation --stage screen2k --variant lr_1e-4 --track english_only --axis lr --family mimi_q8_s4096 --question 'Which English-only Q8/4096 settings improve full-pack quality on the fixed Emilia-40k subset?' --hypothesis 'Higher LR challenger.' --owner codex --codec mimi --tags tinyaya,tts,mimi,q8,4096,emilia40k,english,screen2k,lr_1e-4,seed42 --override optimizer.lr=0.0001 --override training.global_batch_size=48 --override lr_scheduler.warmup_steps=80 --override training.max_audio_seconds=20 --override training.steps=2000 --override tts_eval.full_pack_eval_every=1000 --override tts_eval.full_pack_max_samples=1000 --override tts_eval.eval_every=1000 --override checkpoint.interval=1000 --override 'validation.split=""validation""' --override 'training.dataset_path=""/vol/data/emilia_en40k_mimi_q8""' --override training.seed=42 --override training.deterministic=true --override training.language_tokens=false --override 'training.languages=[]' --override 'training.dataset=""tts_pretok""' --override 'validation.dataset=""tts_pretok""' --override model.num_quantizers=8 --override training.seq_len=4096 --override validation.seq_len=4096"
screen2k	batch_32	global_batch_size	42	exp-20260311-071535-screen2k-batch-32-s42	2000	5e-05	32	80	20	64000	validation	1000	1000	1000	codecs/mimi/configs/tinyaya_mimi_q8_s4096_emilia40k_en.toml	mimi/ablation_emilia40k_q8_s4096_en	Smaller supervised audio token budget.	"/home/pranav/TINYYAYAy/llama-mimi/.venv/bin/python scripts/exp/launch.py --mode modal --config codecs/mimi/configs/tinyaya_mimi_q8_s4096_emilia40k_en.toml --modal-path mimi/ablation_emilia40k_q8_s4096_en --experiment-id exp-20260311-071535-screen2k-batch-32-s42 --campaign-id mimi-q8-s4096-emilia40k-en --phase mimi_q8_s4096_emilia40k_en_ablation --stage screen2k --variant batch_32 --track english_only --axis global_batch_size --family mimi_q8_s4096 --question 'Which English-only Q8/4096 settings improve full-pack quality on the fixed Emilia-40k subset?' --hypothesis 'Smaller supervised audio token budget.' --owner codex --codec mimi --tags tinyaya,tts,mimi,q8,4096,emilia40k,english,screen2k,batch_32,seed42 --override optimizer.lr=5e-05 --override training.global_batch_size=32 --override lr_scheduler.warmup_steps=80 --override training.max_audio_seconds=20 --override training.steps=2000 --override tts_eval.full_pack_eval_every=1000 --override tts_eval.full_pack_max_samples=1000 --override tts_eval.eval_every=1000 --override checkpoint.interval=1000 --override 'validation.split=""validation""' --override 'training.dataset_path=""/vol/data/emilia_en40k_mimi_q8""' --override training.seed=42 --override training.deterministic=true --override training.language_tokens=false --override 'training.languages=[]' --override 'training.dataset=""tts_pretok""' --override 'validation.dataset=""tts_pretok""' --override model.num_quantizers=8 --override training.seq_len=4096 --override validation.seq_len=4096"
screen2k	batch_64	global_batch_size	42	exp-20260311-071535-screen2k-batch-64-s42	2000	5e-05	64	80	20	128000	validation	1000	1000	1000	codecs/mimi/configs/tinyaya_mimi_q8_s4096_emilia40k_en.toml	mimi/ablation_emilia40k_q8_s4096_en	Larger supervised audio token budget.	"/home/pranav/TINYYAYAy/llama-mimi/.venv/bin/python scripts/exp/launch.py --mode modal --config codecs/mimi/configs/tinyaya_mimi_q8_s4096_emilia40k_en.toml --modal-path mimi/ablation_emilia40k_q8_s4096_en --experiment-id exp-20260311-071535-screen2k-batch-64-s42 --campaign-id mimi-q8-s4096-emilia40k-en --phase mimi_q8_s4096_emilia40k_en_ablation --stage screen2k --variant batch_64 --track english_only --axis global_batch_size --family mimi_q8_s4096 --question 'Which English-only Q8/4096 settings improve full-pack quality on the fixed Emilia-40k subset?' --hypothesis 'Larger supervised audio token budget.' --owner codex --codec mimi --tags tinyaya,tts,mimi,q8,4096,emilia40k,english,screen2k,batch_64,seed42 --override optimizer.lr=5e-05 --override training.global_batch_size=64 --override lr_scheduler.warmup_steps=80 --override training.max_audio_seconds=20 --override training.steps=2000 --override tts_eval.full_pack_eval_every=1000 --override tts_eval.full_pack_max_samples=1000 --override tts_eval.eval_every=1000 --override checkpoint.interval=1000 --override 'validation.split=""validation""' --override 'training.dataset_path=""/vol/data/emilia_en40k_mimi_q8""' --override training.seed=42 --override training.deterministic=true --override training.language_tokens=false --override 'training.languages=[]' --override 'training.dataset=""tts_pretok""' --override 'validation.dataset=""tts_pretok""' --override model.num_quantizers=8 --override training.seq_len=4096 --override validation.seq_len=4096"
screen2k	warmup_40	warmup_steps	42	exp-20260311-071535-screen2k-warmup-40-s42	2000	5e-05	48	40	20	96000	validation	1000	1000	1000	codecs/mimi/configs/tinyaya_mimi_q8_s4096_emilia40k_en.toml	mimi/ablation_emilia40k_q8_s4096_en	Faster warmup.	"/home/pranav/TINYYAYAy/llama-mimi/.venv/bin/python scripts/exp/launch.py --mode modal --config codecs/mimi/configs/tinyaya_mimi_q8_s4096_emilia40k_en.toml --modal-path mimi/ablation_emilia40k_q8_s4096_en --experiment-id exp-20260311-071535-screen2k-warmup-40-s42 --campaign-id mimi-q8-s4096-emilia40k-en --phase mimi_q8_s4096_emilia40k_en_ablation --stage screen2k --variant warmup_40 --track english_only --axis warmup_steps --family mimi_q8_s4096 --question 'Which English-only Q8/4096 settings improve full-pack quality on the fixed Emilia-40k subset?' --hypothesis 'Faster warmup.' --owner codex --codec mimi --tags tinyaya,tts,mimi,q8,4096,emilia40k,english,screen2k,warmup_40,seed42 --override optimizer.lr=5e-05 --override training.global_batch_size=48 --override lr_scheduler.warmup_steps=40 --override training.max_audio_seconds=20 --override training.steps=2000 --override tts_eval.full_pack_eval_every=1000 --override tts_eval.full_pack_max_samples=1000 --override tts_eval.eval_every=1000 --override checkpoint.interval=1000 --override 'validation.split=""validation""' --override 'training.dataset_path=""/vol/data/emilia_en40k_mimi_q8""' --override training.seed=42 --override training.deterministic=true --override training.language_tokens=false --override 'training.languages=[]' --override 'training.dataset=""tts_pretok""' --override 'validation.dataset=""tts_pretok""' --override model.num_quantizers=8 --override training.seq_len=4096 --override validation.seq_len=4096"
screen2k	warmup_160	warmup_steps	42	exp-20260311-071535-screen2k-warmup-160-s42	2000	5e-05	48	160	20	96000	validation	1000	1000	1000	codecs/mimi/configs/tinyaya_mimi_q8_s4096_emilia40k_en.toml	mimi/ablation_emilia40k_q8_s4096_en	Longer warmup.	"/home/pranav/TINYYAYAy/llama-mimi/.venv/bin/python scripts/exp/launch.py --mode modal --config codecs/mimi/configs/tinyaya_mimi_q8_s4096_emilia40k_en.toml --modal-path mimi/ablation_emilia40k_q8_s4096_en --experiment-id exp-20260311-071535-screen2k-warmup-160-s42 --campaign-id mimi-q8-s4096-emilia40k-en --phase mimi_q8_s4096_emilia40k_en_ablation --stage screen2k --variant warmup_160 --track english_only --axis warmup_steps --family mimi_q8_s4096 --question 'Which English-only Q8/4096 settings improve full-pack quality on the fixed Emilia-40k subset?' --hypothesis 'Longer warmup.' --owner codex --codec mimi --tags tinyaya,tts,mimi,q8,4096,emilia40k,english,screen2k,warmup_160,seed42 --override optimizer.lr=5e-05 --override training.global_batch_size=48 --override lr_scheduler.warmup_steps=160 --override training.max_audio_seconds=20 --override training.steps=2000 --override tts_eval.full_pack_eval_every=1000 --override tts_eval.full_pack_max_samples=1000 --override tts_eval.eval_every=1000 --override checkpoint.interval=1000 --override 'validation.split=""validation""' --override 'training.dataset_path=""/vol/data/emilia_en40k_mimi_q8""' --override training.seed=42 --override training.deterministic=true --override training.language_tokens=false --override 'training.languages=[]' --override 'training.dataset=""tts_pretok""' --override 'validation.dataset=""tts_pretok""' --override model.num_quantizers=8 --override training.seq_len=4096 --override validation.seq_len=4096"
screen2k	clip_16_batch60	max_audio_seconds	42	exp-20260311-071535-screen2k-clip-16-batch60-s42	2000	5e-05	60	80	16	96000	validation	1000	1000	1000	codecs/mimi/configs/tinyaya_mimi_q8_s4096_emilia40k_en.toml	mimi/ablation_emilia40k_q8_s4096_en	Shorter audio clips with matched audio-token budget.	"/home/pranav/TINYYAYAy/llama-mimi/.venv/bin/python scripts/exp/launch.py --mode modal --config codecs/mimi/configs/tinyaya_mimi_q8_s4096_emilia40k_en.toml --modal-path mimi/ablation_emilia40k_q8_s4096_en --experiment-id exp-20260311-071535-screen2k-clip-16-batch60-s42 --campaign-id mimi-q8-s4096-emilia40k-en --phase mimi_q8_s4096_emilia40k_en_ablation --stage screen2k --variant clip_16_batch60 --track english_only --axis max_audio_seconds --family mimi_q8_s4096 --question 'Which English-only Q8/4096 settings improve full-pack quality on the fixed Emilia-40k subset?' --hypothesis 'Shorter audio clips with matched audio-token budget.' --owner codex --codec mimi --tags tinyaya,tts,mimi,q8,4096,emilia40k,english,screen2k,clip_16_batch60,seed42 --override optimizer.lr=5e-05 --override training.global_batch_size=60 --override lr_scheduler.warmup_steps=80 --override training.max_audio_seconds=16 --override training.steps=2000 --override tts_eval.full_pack_eval_every=1000 --override tts_eval.full_pack_max_samples=1000 --override tts_eval.eval_every=1000 --override checkpoint.interval=1000 --override 'validation.split=""validation""' --override 'training.dataset_path=""/vol/data/emilia_en40k_mimi_q8""' --override training.seed=42 --override training.deterministic=true --override training.language_tokens=false --override 'training.languages=[]' --override 'training.dataset=""tts_pretok""' --override 'validation.dataset=""tts_pretok""' --override model.num_quantizers=8 --override training.seq_len=4096 --override validation.seq_len=4096"
screen2k	clip_12_batch80	max_audio_seconds	42	exp-20260311-071535-screen2k-clip-12-batch80-s42	2000	5e-05	80	80	12	96000	validation	1000	1000	1000	codecs/mimi/configs/tinyaya_mimi_q8_s4096_emilia40k_en.toml	mimi/ablation_emilia40k_q8_s4096_en	Shortest clip-length challenger with matched audio-token budget.	"/home/pranav/TINYYAYAy/llama-mimi/.venv/bin/python scripts/exp/launch.py --mode modal --config codecs/mimi/configs/tinyaya_mimi_q8_s4096_emilia40k_en.toml --modal-path mimi/ablation_emilia40k_q8_s4096_en --experiment-id exp-20260311-071535-screen2k-clip-12-batch80-s42 --campaign-id mimi-q8-s4096-emilia40k-en --phase mimi_q8_s4096_emilia40k_en_ablation --stage screen2k --variant clip_12_batch80 --track english_only --axis max_audio_seconds --family mimi_q8_s4096 --question 'Which English-only Q8/4096 settings improve full-pack quality on the fixed Emilia-40k subset?' --hypothesis 'Shortest clip-length challenger with matched audio-token budget.' --owner codex --codec mimi --tags tinyaya,tts,mimi,q8,4096,emilia40k,english,screen2k,clip_12_batch80,seed42 --override optimizer.lr=5e-05 --override training.global_batch_size=80 --override lr_scheduler.warmup_steps=80 --override training.max_audio_seconds=12 --override training.steps=2000 --override tts_eval.full_pack_eval_every=1000 --override tts_eval.full_pack_max_samples=1000 --override tts_eval.eval_every=1000 --override checkpoint.interval=1000 --override 'validation.split=""validation""' --override 'training.dataset_path=""/vol/data/emilia_en40k_mimi_q8""' --override training.seed=42 --override training.deterministic=true --override training.language_tokens=false --override 'training.languages=[]' --override 'training.dataset=""tts_pretok""' --override 'validation.dataset=""tts_pretok""' --override model.num_quantizers=8 --override training.seq_len=4096 --override validation.seq_len=4096"
